Month,Date,Day of the Week,Chore
January,2024-01-01,Sunday,Vacuum and mop the floors
January,2024-01-02,Monday,Clean and dust all surfaces
January,2024-01-03,Tuesday,Organize and clean the kitchen cabinets
January,2024-01-04,Wednesday,Clean and disinfect the bathroom tiles and grout
January,2024-01-05,Thursday,Wipe down and sanitize doorknobs and light switches
January,2024-01-06,Friday,Empty and replace trash can liners in all rooms
January,2024-01-07,Sunday,Clean and sanitize kitchen appliances
January,2024-01-08,Monday,Organize and declutter the living room
January,2024-01-09,Tuesday,Vacuum or sweep the floors
January,2024-01-10,Wednesday,Clean and sanitize kitchen countertops
January,2024-01-11,Thursday,Sort and organize your closet
January,2024-01-12,Friday,Dust and clean home office or study area
January,2024-01-13,Sunday,Clean mirrors and glass surfaces
January,2024-01-14,Monday,Organize and clean pantry or kitchen cabinets
January,2024-01-15,Tuesday,Wipe down and disinfect dining table and chairs
January,2024-01-16,Wednesday,Launder and change bedding
January,2024-01-17,Thursday,Vacuum or sweep the floors
January,2024-01-18,Friday,Clean and organize bathroom cabinets
January,2024-01-19,Sunday,Empty trash cans in all rooms
January,2024-01-20,Monday,Dust and clean ceiling fans and light fixtures
January,2024-01-21,Tuesday,Organize and clean the refrigerator
January,2024-01-22,Wednesday,Vacuum or sweep under furniture
January,2024-01-23,Thursday,Tidy up and clean the entryway
January,2024-01-24,Friday,Scrub and disinfect bathroom surfaces
January,2024-01-25,Sunday,Wipe down and disinfect frequently touched surfaces
January,2024-01-26,Monday,Dust and wipe down surfaces in the living room
January,2024-01-27,Tuesday,Clean and sanitize the microwave and oven
January,2024-01-28,Wednesday,Organize and declutter your bedroom
January,2024-01-29,Sunday,Launder and change bedding
January,2024-01-30,Monday,Sort and organize your closet
January,2024-01-31,Tuesday,Wrap up any remaining cleaning and organizing tasks
February,2024-02-01,Wednesday,Vacuum and mop the floors
February,2024-02-02,Thursday,Dust and polish all wooden surfaces
February,2024-02-03,Friday,Organize and clean the kitchen cabinets
February,2024-02-04,Saturday,Relax and enjoy the Sabbath
February,2024-02-05,Sunday,Wipe down and sanitize doorknobs and light switches
February,2024-02-06,Monday,Empty and replace trash can liners in all rooms
February,2024-02-07,Sunday,Clean and sanitize kitchen appliances
February,2024-02-08,Monday,Organize and declutter the living room
February,2024-02-09,Tuesday,Vacuum or sweep the floors
February,2024-02-10,Wednesday,Clean and sanitize kitchen countertops
February,2024-02-11,Thursday,Sort and organize your closet
February,2024-02-12,Friday,Dust and clean home office or study area
February,2024-02-13,Sunday,Clean mirrors and glass surfaces
February,2024-02-14,Monday,Organize and clean pantry or kitchen cabinets
February,2024-02-15,Tuesday,Wipe down and disinfect dining table and chairs
February,2024-02-16,Wednesday,Launder and change bedding
February,2024-02-17,Thursday,Vacuum or sweep the floors
February,2024-02-18,Friday,Clean and organize bathroom cabinets
February,2024-02-19,Sunday,Empty trash cans in all rooms
February,2024-02-20,Monday,Dust and clean ceiling fans and light fixtures
February,2024-02-21,Tuesday,Organize and clean the refrigerator
February,2024-02-22,Wednesday,Vacuum or sweep under furniture
February,2024-02-23,Thursday,Tidy up and clean the entryway
February,2024-02-24,Friday,Scrub and disinfect bathroom surfaces
February,2024-02-25,Sunday,Wipe down and disinfect frequently touched surfaces
February,2024-02-26,Monday,Dust and wipe down surfaces in the living room
February,2024-02-27,Tuesday,Clean and sanitize the microwave and oven
February,2024-02-28,Wednesday,Organize and declutter your bedroom
March,2024-03-01,Thursday,Vacuum and mop the floors
March,2024-03-02,Friday,Dust and polish all wooden surfaces
March,2024-03-03,Saturday,Relax and enjoy the Sabbath
March,2024-03-04,Sunday,Organize and clean the kitchen cabinets
March,2024-03-05,Monday,Clean and disinfect the bathroom tiles and grout
March,2024-03-06,Tuesday,Wipe down and sanitize doorknobs and light switches
March,2024-03-07,Wednesday,Empty and replace trash can liners in all rooms
March,2024-03-08,Thursday,Clean and sanitize kitchen appliances
March,2024-03-09,Friday,Organize and declutter the living room
March,2024-03-10,Sunday,Vacuum or sweep the floors
March,2024-03-11,Monday,Clean and sanitize kitchen countertops
March,2024-03-12,Tuesday,Sort and organize your closet
March,2024-03-13,Wednesday,Dust and clean home office or study area
March,2024-03-14,Thursday,Clean mirrors and glass surfaces
March,2024-03-15,Friday,Organize and clean pantry or kitchen cabinets
March,2024-03-16,Sunday,Wipe down and disinfect dining table and chairs
March,2024-03-17,Monday,Launder and change bedding
March,2024-03-18,Tuesday,Vacuum or sweep the floors
March,2024-03-19,Wednesday,Clean and organize bathroom cabinets
March,2024-03-20,Thursday,Empty trash cans in all rooms
March,2024-03-21,Friday,Dust and clean ceiling fans and light fixtures
March,2024-03-22,Sunday,Organize and clean the refrigerator
March,2024-03-23,Monday,Vacuum or sweep under furniture
March,2024-03-24,Tuesday,Tidy up and clean the entryway
March,2024-03-25,Wednesday,Scrub and disinfect bathroom surfaces
March,2024-03-26,Thursday,Wipe down and disinfect frequently touched surfaces
March,2024-03-27,Friday,Dust and wipe down surfaces in the living room
March,2024-03-28,Sunday,Clean and sanitize the microwave and oven
March,2024-03-29,Monday,Organize and declutter your bedroom
March,2024-03-30,Tuesday,Launder and change bedding
March,2024-03-31,Wednesday,Wrap up any remaining cleaning and organizing tasks
April,2024-04-01,Saturday,Relax and enjoy the Sabbath
April,2024-04-02,Sunday,Organize and clean the kitchen cabinets
April,2024-04-03,Monday,Clean and disinfect the bathroom tiles and grout
April,2024-04-04,Tuesday,Wipe down and sanitize doorknobs and light switches
April,2024-04-05,Wednesday,Empty and replace trash can liners in all rooms
April,2024-04-06,Thursday,Clean and sanitize kitchen appliances
April,2024-04-07,Friday,Organize and declutter the living room
April,2024-04-08,Saturday,Relax and enjoy the Sabbath
April,2024-04-09,Sunday,Vacuum or sweep the floors
April,2024-04-10,Monday,Clean and sanitize kitchen countertops
April,2024-04-11,Tuesday,Sort and organize your closet
April,2024-04-12,Wednesday,Dust and clean home office or study area
April,2024-04-13,Thursday,Clean mirrors and glass surfaces
April,2024-04-14,Friday,Organize and clean pantry or kitchen cabinets
April,2024-04-15,Saturday,Relax and enjoy the Sabbath
April,2024-04-16,Sunday,Wipe down and disinfect dining table and chairs
April,2024-04-17,Monday,Launder and change bedding
April,2024-04-18,Tuesday,Vacuum or sweep the floors
April,2024-04-19,Wednesday,Clean and organize bathroom cabinets
April,2024-04-20,Thursday,Empty trash cans in all rooms
April,2024-04-21,Friday,Dust and clean ceiling fans and light fixtures
April,2024-04-22,Saturday,Relax and enjoy the Sabbath
April,2024-04-23,Sunday,Organize and clean the refrigerator
April,2024-04-24,Monday,Vacuum or sweep under furniture
April,2024-04-25,Tuesday,Tidy up and clean the entryway
April,2024-04-26,Wednesday,Scrub and disinfect bathroom surfaces
April,2024-04-27,Thursday,Wipe down and disinfect frequently touched surfaces
April,2024-04-28,Friday,Dust and wipe down surfaces in the living room
April,2024-04-29,Saturday,Relax and enjoy the Sabbath
April,2024-04-30,Sunday,Clean and sanitize the microwave and oven
June,2024-06-01,Saturday,Relax and enjoy the Sabbath
June,2024-06-02,Sunday,Organize and clean the kitchen cabinets
June,2024-06-03,Monday,Clean and disinfect the bathroom tiles and grout
June,2024-06-04,Tuesday,Wipe down and sanitize doorknobs and light switches
June,2024-06-05,Wednesday,Empty and replace trash can liners in all rooms
June,2024-06-06,Thursday,Clean and sanitize kitchen appliances
June,2024-06-07,Friday,Organize and declutter the living room
June,2024-06-08,Saturday,Relax and enjoy the Sabbath
June,2024-06-09,Sunday,Vacuum or sweep the floors
June,2024-06-10,Monday,Clean and sanitize kitchen countertops
June,2024-06-11,Tuesday,Sort and organize your closet
June,2024-06-12,Wednesday,Dust and clean home office or study area
June,2024-06-13,Thursday,Clean mirrors and glass surfaces
June,2024-06-14,Friday,Organize and clean pantry or kitchen cabinets
June,2024-06-15,Saturday,Relax and enjoy the Sabbath
June,2024-06-16,Sunday,Wipe down and disinfect dining table and chairs
June,2024-06-17,Monday,Launder and change bedding
June,2024-06-18,Tuesday,Vacuum or sweep the floors
June,2024-06-19,Wednesday,Clean and organize bathroom cabinets
June,2024-06-20,Thursday,Empty trash cans in all rooms
June,2024-06-21,Friday,Dust and clean ceiling fans and light fixtures
June,2024-06-22,Saturday,Relax and enjoy the Sabbath
June,2024-06-23,Sunday,Organize and clean the refrigerator
June,2024-06-24,Monday,Vacuum or sweep under furniture
June,2024-06-25,Tuesday,Tidy up and clean the entryway
June,2024-06-26,Wednesday,Scrub and disinfect bathroom surfaces
June,2024-06-27,Thursday,Wipe down and disinfect frequently touched surfaces
June,2024-06-28,Friday,Dust and wipe down surfaces in the living room
June,2024-06-29,Saturday,Relax and enjoy the Sabbath
June,2024-06-30,Sunday,Clean and sanitize the microwave and oven
July,2024-07-01,Sunday,Organize and declutter the living room
July,2024-07-02,Monday,Clean and sanitize kitchen countertops
July,2024-07-03,Tuesday,Sort and organize your closet
July,2024-07-04,Wednesday,Dust and clean home office or study area
July,2024-07-05,Thursday,Clean mirrors and glass surfaces
July,2024-07-06,Friday,Organize and clean pantry or kitchen cabinets
July,2024-07-07,Saturday,Relax and enjoy the Sabbath
July,2024-07-08,Sunday,Wipe down and disinfect dining table and chairs
July,2024-07-09,Monday,Launder and change bedding
July,2024-07-10,Tuesday,Vacuum or sweep the floors
July,2024-07-11,Wednesday,Clean and organize bathroom cabinets
July,2024-07-12,Thursday,Empty trash cans in all rooms
July,2024-07-13,Friday,Dust and clean ceiling fans and light fixtures
July,2024-07-14,Saturday,Relax and enjoy the Sabbath
July,2024-07-15,Sunday,Organize and clean the refrigerator
July,2024-07-16,Monday,Vacuum or sweep under furniture
July,2024-07-17,Tuesday,Tidy up and clean the entryway
July,2024-07-18,Wednesday,Scrub and disinfect bathroom surfaces
July,2024-07-19,Thursday,Wipe down and disinfect frequently touched surfaces
July,2024-07-20,Friday,Dust and wipe down surfaces in the living room
July,2024-07-21,Saturday,Relax and enjoy the Sabbath
July,2024-07-22,Sunday,Clean and sanitize the microwave and oven
July,2024-07-23,Monday,Organize and declutter your bedroom
July,2024-07-24,Tuesday,Launder and change bedding
July,2024-07-25,Wednesday,Sort and organize your closet
July,2024-07-26,Thursday,Wrap up any remaining cleaning and organizing tasks
July,2024-07-27,Friday,Vacuum and mop the floors
July,2024-07-28,Saturday,Relax and enjoy the Sabbath
July,2024-07-29,Sunday,Dust and polish all wooden surfaces
July,2024-07-30,Monday,Organize and clean the kitchen cabinets
July,2024-07-31,Tuesday,Clean and disinfect the bathroom tiles and grout
August,2024-08-01,Wednesday,Vacuum and mop the floors
August,2024-08-02,Thursday,Dust and polish all wooden surfaces
August,2024-08-03,Friday,Organize and clean the kitchen cabinets
August,2024-08-04,Saturday,Relax and enjoy the Sabbath
August,2024-08-05,Sunday,Clean and disinfect the bathroom tiles and grout
August,2024-08-06,Monday,Wipe down and sanitize doorknobs and light switches
August,2024-08-07,Tuesday,Empty and replace trash can liners in all rooms
August,2024-08-08,Wednesday,Clean and sanitize kitchen appliances
August,2024-08-09,Thursday,Organize and declutter the living room
August,2024-08-10,Friday,Vacuum or sweep the floors
August,2024-08-11,Saturday,Relax and enjoy the Sabbath
August,2024-08-12,Sunday,Clean and sanitize kitchen countertops
August,2024-08-13,Monday,Sort and organize your closet
August,2024-08-14,Tuesday,Dust and clean home office or study area
August,2024-08-15,Wednesday,Clean mirrors and glass surfaces
August,2024-08-16,Thursday,Organize and clean pantry or kitchen cabinets
August,2024-08-17,Friday,Wipe down and disinfect dining table and chairs
August,2024-08-18,Saturday,Relax and enjoy the Sabbath
August,2024-08-19,Sunday,Launder and change bedding
August,2024-08-20,Monday,Vacuum or sweep the floors
August,2024-08-21,Tuesday,Clean and organize bathroom cabinets
August,2024-08-22,Wednesday,Empty trash cans in all rooms
August,2024-08-23,Thursday,Dust and clean ceiling fans and light fixtures
August,2024-08-24,Friday,Organize and clean the refrigerator
August,2024-08-25,Saturday,Relax and enjoy the Sabbath
August,2024-08-26,Sunday,Vacuum or sweep under furniture
August,2024-08-27,Monday,Tidy up and clean the entryway
August,2024-08-28,Tuesday,Scrub and disinfect bathroom surfaces
August,2024-08-29,Wednesday,Wipe down and disinfect frequently touched surfaces
August,2024-08-30,Thursday,Dust and wipe down surfaces in the living room
August,2024-08-31,Friday,Clean and sanitize the microwave and oven
September,2024-09-01,Saturday,Relax and enjoy the Sabbath
September,2024-09-02,Sunday,Organize and clean the kitchen cabinets
September,2024-09-03,Monday,Clean and disinfect the bathroom tiles and grout
September,2024-09-04,Tuesday,Wipe down and sanitize doorknobs and light switches
September,2024-09-05,Wednesday,Empty and replace trash can liners in all rooms
September,2024-09-06,Thursday,Clean and sanitize kitchen appliances
September,2024-09-07,Friday,Organize and declutter the living room
September,2024-09-08,Saturday,Relax and enjoy the Sabbath
September,2024-09-09,Sunday,Vacuum or sweep the floors
September,2024-09-10,Monday,Clean and sanitize kitchen countertops
September,2024-09-11,Tuesday,Sort and organize your closet
September,2024-09-12,Wednesday,Dust and clean home office or study area
September,2024-09-13,Thursday,Clean mirrors and glass surfaces
September,2024-09-14,Friday,Organize and clean pantry or kitchen cabinets
September,2024-09-15,Saturday,Relax and enjoy the Sabbath
September,2024-09-16,Sunday,Wipe down and disinfect dining table and chairs
September,2024-09-17,Monday,Launder and change bedding
September,2024-09-18,Tuesday,Vacuum or sweep the floors
September,2024-09-19,Wednesday,Clean and organize bathroom cabinets
September,2024-09-20,Thursday,Empty trash cans in all rooms
September,2024-09-21,Friday,Dust and clean ceiling fans and light fixtures
September,2024-09-22,Saturday,Relax and enjoy the Sabbath
September,2024-09-23,Sunday,Organize and clean the refrigerator
September,2024-09-24,Monday,Vacuum or sweep under furniture
September,2024-09-25,Tuesday,Tidy up and clean the entryway
September,2024-09-26,Wednesday,Scrub and disinfect bathroom surfaces
September,2024-09-27,Thursday,Wipe down and disinfect frequently touched surfaces
September,2024-09-28,Friday,Dust and wipe down surfaces in the living room
September,2024-09-29,Saturday,Relax and enjoy the Sabbath
September,2024-09-30,Sunday,Clean and sanitize the microwave and oven
October,2024-10-01,Monday,Sort and organize your closet
October,2024-10-02,Tuesday,Wrap up any remaining cleaning and organizing tasks
October,2024-10-03,Wednesday,Vacuum and mop the floors
October,2024-10-04,Thursday,Dust and polish all wooden surfaces
October,2024-10-05,Friday,Organize and clean the kitchen cabinets
October,2024-10-06,Saturday,Relax and enjoy the Sabbath
October,2024-10-07,Sunday,Clean and disinfect the bathroom tiles and grout
October,2024-10-08,Monday,Wipe down and sanitize doorknobs and light switches
October,2024-10-09,Tuesday,Empty and replace trash can liners in all rooms
October,2024-10-10,Wednesday,Clean and sanitize kitchen appliances
October,2024-10-11,Thursday,Organize and declutter the living room
October,2024-10-12,Friday,Vacuum or sweep the floors
October,2024-10-13,Saturday,Relax and enjoy the Sabbath
October,2024-10-14,Sunday,Clean and sanitize kitchen countertops
October,2024-10-15,Monday,Sort and organize your closet
October,2024-10-16,Tuesday,Dust and clean home office or study area
October,2024-10-17,Wednesday,Clean mirrors and glass surfaces
October,2024-10-18,Thursday,Organize and clean pantry or kitchen cabinets
October,2024-10-19,Friday,Wipe down and disinfect dining table and chairs
October,2024-10-20,Saturday,Relax and enjoy the Sabbath
October,2024-10-21,Sunday,Launder and change bedding
October,2024-10-22,Monday,Vacuum or sweep the floors
October,2024-10-23,Tuesday,Clean and organize bathroom cabinets
October,2024-10-24,Wednesday,Empty trash cans in all rooms
October,2024-10-25,Thursday,Dust and clean ceiling fans and light fixtures
October,2024-10-26,Friday,Organize and clean the refrigerator
October,2024-10-27,Saturday,Relax and enjoy the Sabbath
October,2024-10-28,Sunday,Vacuum or sweep under furniture
October,2024-10-29,Monday,Tidy up and clean the entryway
October,2024-10-30,Tuesday,Scrub and disinfect bathroom surfaces
October,2024-10-31,Wednesday,Wipe down and disinfect frequently touched surfaces
November,2024-11-01,Friday,Dust and wipe down surfaces in the living room
November,2024-11-02,Saturday,Relax and enjoy the Sabbath
November,2024-11-03,Sunday,Clean and sanitize the microwave and oven
November,2024-11-04,Monday,Organize and declutter your bedroom
November,2024-11-05,Tuesday,Launder and change bedding
November,2024-11-06,Wednesday,Sort and organize your closet
November,2024-11-07,Thursday,Wrap up any remaining cleaning and organizing tasks
November,2024-11-08,Friday,Vacuum and mop the floors
November,2024-11-09,Saturday,Relax and enjoy the Sabbath
November,2024-11-10,Sunday,Dust and polish all wooden surfaces
November,2024-11-11,Monday,Organize and clean the kitchen cabinets
November,2024-11-12,Tuesday,Clean and disinfect the bathroom tiles and grout
November,2024-11-13,Wednesday,Wipe down and sanitize doorknobs and light switches
November,2024-11-14,Thursday,Empty and replace trash can liners in all rooms
November,2024-11-15,Friday,Clean and sanitize kitchen appliances
November,2024-11-16,Saturday,Relax and enjoy the Sabbath
November,2024-11-17,Sunday,Organize and declutter the living room
November,2024-11-18,Monday,Vacuum or sweep the floors
November,2024-11-19,Tuesday,Clean and sanitize kitchen countertops
November,2024-11-20,Wednesday,Sort and organize your closet
November,2024-11-21,Thursday,Dust and clean home office or study area
November,2024-11-22,Friday,Clean mirrors and glass surfaces
November,2024-11-23,Saturday,Relax and enjoy the Sabbath
November,2024-11-24,Sunday,Organize and clean pantry or kitchen cabinets
November,2024-11-25,Monday,Wipe down and disinfect dining table and chairs
November,2024-11-26,Tuesday,Launder and change bedding
November,2024-11-27,Wednesday,Vacuum or sweep the floors
November,2024-11-28,Thursday,Clean and organize bathroom cabinets
November,2024-11-29,Friday,Empty trash cans in all rooms
November,2024-11-30,Saturday,Dust and clean ceiling fans and light fixtures
December,2024-12-01,Sunday,Organize and clean the refrigerator
December,2024-12-02,Monday,Vacuum or sweep under furniture
December,2024-12-03,Tuesday,Tidy up and clean the entryway
December,2024-12-04,Wednesday,Scrub and disinfect bathroom surfaces
December,2024-12-05,Thursday,Wipe down and disinfect frequently touched surfaces
December,2024-12-06,Friday,Dust and wipe down surfaces in the living room
December,2024-12-07,Saturday,Relax and enjoy the Sabbath
December,2024-12-08,Sunday,Clean and sanitize the microwave and oven
December,2024-12-09,Monday,Organize and declutter your bedroom
December,2024-12-10,Tuesday,Launder and change bedding
December,2024-12-11,Wednesday,Sort and organize your closet
December,2024-12-12,Thursday,Wrap up any remaining cleaning and organizing tasks
December,2024-12-13,Friday,Vacuum and mop the floors
December,2024-12-14,Saturday,Relax and enjoy the Sabbath
December,2024-12-15,Sunday,Dust and polish all wooden surfaces
December,2024-12-16,Monday,Organize and clean the kitchen cabinets
December,2024-12-17,Tuesday,Clean and disinfect the bathroom tiles and grout
December,2024-12-18,Wednesday,Wipe down and sanitize doorknobs and light switches
December,2024-12-19,Thursday,Empty and replace trash can liners in all rooms
December,2024-12-20,Friday,Clean and sanitize kitchen appliances
December,2024-12-21,Saturday,Relax and enjoy the Sabbath
December,2024-12-22,Sunday,Organize and declutter the living room
December,2024-12-23,Monday,Vacuum or sweep the floors
December,2024-12-24,Tuesday,Clean and sanitize kitchen countertops
December,2024-12-25,Wednesday,Enjoy Christmas, no chores today!
December,2024-12-26,Thursday,Dust and clean home office or study area
December,2024-12-27,Friday,Clean mirrors and glass surfaces
December,2024-12-28,Saturday,Relax and enjoy the Sabbath
December,2024-12-29,Sunday,Organize and clean pantry or kitchen cabinets
December,2024-12-30,Monday,Wipe down and disinfect dining table and chairs
December,2024-12-31,Tuesday,Launder and change bedding

